{"index":11,"textStyle":{"fontSize":20,"lineHeight":24,"fontPostscriptName":"SofiaProRegular","color":{"r":0.6039215686274509,"b":0.6039215686274509,"g":0.6039215686274509,"a":1}},"category":"Document Text Styles","name":"Paragraph"}